[
    {
      "id": "PRD-001",
      "name": "SuperFuel Max 20W-50",
      "sku": "SF-MAX-20W50",
      "category": "Engine Oils",
      "subcategory": "Mineral Oils",
      "description": "High-performance mineral oil for heavy-duty engines",
      "price": 4500.00,
      "tax_rate": 16.0,
      "stock": [
        {"warehouse_id": "WH-001", "quantity": 150},
        {"warehouse_id": "WH-002", "quantity": 85}
      ],
      "unit": "Liter",
      "packaging": "5L Container",
      "reorder_level": 30
    },
    {
      "id": "PRD-002",
      "name": "EcoDrive Synthetic 5W-30",
      "sku": "ED-SYN-5W30",
      "category": "Engine Oils",
      "subcategory": "Synthetic Oils",
      "description": "Fully synthetic oil for modern passenger vehicles",
      "price": 7200.00,
      "tax_rate": 16.0,
      "stock": [
        {"warehouse_id": "WH-001", "quantity": 200},
        {"warehouse_id": "WH-002", "quantity": 120}
      ],
      "unit": "Liter",
      "packaging": "4L Container",
      "reorder_level": 40
    }
  ]  